[
  {"name": "Kim", "email": "kimtreit@hotmail.com", "exclusions": []},
  {"name": "Randy", "email": "randyt@outlook.com", "exclusions": []},
  {"name": "Elise", "email": "elisetreit@hotmail.com", "exclusions": []},
  {"name": "Grace", "email": "kayrebb@gmail.com", "exclusions": []},
  {"name": "William", "email": "liamtreit@outlook.com", "exclusions": ["Charlotte", "Lucy"]},
  {"name": "Charlotte", "email": "charlottetreit@outlook.com", "exclusions": ["William"]},
  {"name": "Lucy", "email": "lucytreit@outlook.com", "exclusions": ["William"]},
  {"name": "Devon", "email": "devonrsmallwood@gmail.com", "exclusions": []},
  {"name": "Eleanor", "email": "eleanor.g.starkey@gmail.com", "exclusions": []}
]
